Date,Name
2025-01-15,Ahmet Yılmaz
2025-01-16,Mehmet Demir
2025-01-17,Ayşe Kaya
2025-01-18,Ahmet Yılmaz
2025-01-19,Fatma Şahin
2025-01-20,Mehmet Demir
2025-01-21,Ayşe Kaya
2025-01-22,Ahmet Yılmaz
2025-01-23,Fatma Şahin
2025-01-24,Mehmet Demir
2025-01-25,Ayşe Kaya
2025-01-26,Ahmet Yılmaz
2025-01-27,Fatma Şahin
2025-01-28,Mehmet Demir
2025-01-29,Ayşe Kaya
2025-01-30,Ahmet Yılmaz
2025-01-31,Fatma Şahin
2025-02-01,Mehmet Demir
2025-02-02,Ayşe Kaya
2025-02-03,Ahmet Yılmaz
2025-02-04,Fatma Şahin
2025-02-05,Mehmet Demir
2025-02-06,Ayşe Kaya
2025-02-07,Ahmet Yılmaz
2025-02-08,Fatma Şahin
2025-02-09,Mehmet Demir
2025-02-10,Ayşe Kaya

